avatarThumbnail,cid,createTime,createTimeISO,diggCount,input,likedByAuthor,pinnedByAuthor,repliesToId,replyCommentTotal,submittedVideoUrl,text,uid,uniqueId,videoWebUrl
https://p16-pu-sign-useast8.tiktokcdn-us.com/tos-useast8-avt-0068-tx2/3bd89586add787cb1fe6307192ae7932~tplv-tiktokx-cropcenter:100:100.jpg?dr=9640&refresh_token=471e536d&x-expires=1752120000&x-signature=oQNL7fvaBP1gS3RP9fTrDCKbgT8%3D&t=4d5b0474&ps=13740610&shp=30310797&shcp=ff37627b&idc=useast8,7.50561E+18,1747536991,2025-05-18T02:56:31.000Z,93,https://www.tiktok.com/@huaynamusic/video/7496581054027877687?q=peruanos&t=1752034492211,false,false,,0,https://www.tiktok.com/@huaynamusic/video/7496581054027877687?q=peruanos&t=1752034492211, [photo],6.95997E+18,average_p3rs0n,https://www.tiktok.com/@huaynamusic/video/7496581054027877687
https://p16-pu-sign-useast8.tiktokcdn-us.com/tos-useast5-avt-0068-tx/723cf70fe1fdd2b17973d4c0ce556c5c~tplv-tiktokx-cropcenter:100:100.jpg?dr=9640&refresh_token=6e4ab555&x-expires=1752120000&x-signature=iXaUfFKvKSsychy21L3KJpfX0c4%3D&t=4d5b0474&ps=13740610&shp=30310797&shcp=ff37627b&idc=useast8,7.50617E+18,1747665957,2025-05-19T14:45:57.000Z,100,https://www.tiktok.com/@huaynamusic/video/7496581054027877687?q=peruanos&t=1752034492211,false,false,,2,https://www.tiktok.com/@huaynamusic/video/7496581054027877687?q=peruanos&t=1752034492211,Funny how yall are laughing at their culture yet I bet if the roles were switched and it was ur culture it would be a diff story huh? ??,6.65288E+18,teama_nico,https://www.tiktok.com/@huaynamusic/video/7496581054027877687
https://p16-common-sign-useast2a.tiktokcdn-us.com/tos-useast2a-avt-0068-euttp/e88dfe989da1604d02277c93edd46462~tplv-tiktokx-cropcenter:100:100.jpg?dr=9640&refresh_token=d6cb5bb7&x-expires=1752120000&x-signature=9VfI7gr73UiSe9H0XX1%2BsW2j6Fc%3D&t=4d5b0474&ps=13740610&shp=30310797&shcp=ff37627b&idc=useast8,7.49736E+18,1745614480,2025-04-25T20:54:40.000Z,5519,https://www.tiktok.com/@huaynamusic/video/7496581054027877687?q=peruanos&t=1752034492211,true,false,,10,https://www.tiktok.com/@huaynamusic/video/7496581054027877687?q=peruanos&t=1752034492211,ahora la de ay mi gatito miau miau,7.30439E+18,williamrtrss012,https://www.tiktok.com/@huaynamusic/video/7496581054027877687
https://p16-common-sign-va.tiktokcdn-us.com/musically-maliva-obj/1594805258216454~tplv-tiktokx-cropcenter:100:100.jpg?dr=9640&refresh_token=ce268acd&x-expires=1752120000&x-signature=2V6B3Mc2dGT0Z5by3qU3UUrUDxM%3D&t=4d5b0474&ps=13740610&shp=30310797&shcp=ff37627b&idc=useast8,7.49702E+18,1745536102,2025-04-24T23:08:22.000Z,1126,https://www.tiktok.com/@huaynamusic/video/7496581054027877687?q=peruanos&t=1752034492211,false,false,,9,https://www.tiktok.com/@huaynamusic/video/7496581054027877687?q=peruanos&t=1752034492211,Love it—keep your culture alive. Disregard the haters!,6.95559E+18,curiousabroad,https://www.tiktok.com/@huaynamusic/video/7496581054027877687
https://p19-sign.tiktokcdn-us.com/tos-useast5-avt-0068-tx/7352449631684395051~tplv-tiktokx-cropcenter:100:100.jpg?dr=9640&refresh_token=1b0215b1&x-expires=1752120000&x-signature=iqmsbfn%2BlvxMxXdBTalSeI5MIa4%3D&t=4d5b0474&ps=13740610&shp=30310797&shcp=ff37627b&idc=useast8,7.50217E+18,1746734068,2025-05-08T19:54:28.000Z,130,https://www.tiktok.com/@huaynamusic/video/7496581054027877687?q=peruanos&t=1752034492211,false,false,,2,https://www.tiktok.com/@huaynamusic/video/7496581054027877687?q=peruanos&t=1752034492211,Why making fun of cultural expressions? All AMERICAN ORIGINALS do have a cultural expression that needs to be respected!,6.79928E+18,vinizio,https://www.tiktok.com/@huaynamusic/video/7496581054027877687
https://p16-common-sign-va.tiktokcdn-us.com/tos-maliva-avt-0068/7327282039399546885~tplv-tiktokx-cropcenter:100:100.jpg?dr=9640&refresh_token=d0c0c0e9&x-expires=1752120000&x-signature=o%2FfEbWQQnrdK3Pf8n1t2z0srnQA%3D&t=4d5b0474&ps=13740610&shp=30310797&shcp=ff37627b&idc=useast8,7.50452E+18,1747281298,2025-05-15T03:54:58.000Z,91,https://www.tiktok.com/@huaynamusic/video/7496581054027877687?q=peruanos&t=1752034492211,false,false,,5,https://www.tiktok.com/@huaynamusic/video/7496581054027877687?q=peruanos&t=1752034492211,Thank God I’m Mexican,6.83475E+18,jato116,https://www.tiktok.com/@huaynamusic/video/7496581054027877687
https://p16-common-sign-va.tiktokcdn-us.com/tos-maliva-avt-0068/a299a9e3dd19171e652abd4064403583~tplv-tiktokx-cropcenter:100:100.jpg?dr=9640&refresh_token=a764fd7e&x-expires=1752120000&x-signature=7VZLOXDvN23RB9oObzYXQem7psM%3D&t=4d5b0474&ps=13740610&shp=30310797&shcp=ff37627b&idc=useast8,7.49725E+18,1745588624,2025-04-25T13:43:44.000Z,4544,https://www.tiktok.com/@huaynamusic/video/7496581054027877687?q=peruanos&t=1752034492211,true,false,,89,https://www.tiktok.com/@huaynamusic/video/7496581054027877687?q=peruanos&t=1752034492211,"si te sientes mal recuerda, no naciste en Perú .",7.42048E+18,sneyder.j3,https://www.tiktok.com/@huaynamusic/video/7496581054027877687
https://p19-pu-sign-useast8.tiktokcdn-us.com/tos-useast5-avt-0068-tx/7ffc941ef7b2aa088a85cc46e302f071~tplv-tiktokx-cropcenter:100:100.jpg?dr=9640&refresh_token=c7711c42&x-expires=1752120000&x-signature=oEHR55msbbatT8wAb4gOMrs%2F9UE%3D&t=4d5b0474&ps=13740610&shp=30310797&shcp=ff37627b&idc=useast8,7.51059E+18,1748695235,2025-05-31T12:40:35.000Z,9,https://www.tiktok.com/@huaynamusic/video/7496581054027877687?q=peruanos&t=1752034492211,true,false,,0,https://www.tiktok.com/@huaynamusic/video/7496581054027877687?q=peruanos&t=1752034492211,los mosquitos en mí cuarto toda la noche ??????,7.29076E+18,carlos.alfredo.mo878,https://www.tiktok.com/@huaynamusic/video/7496581054027877687
https://p19-pu-sign-useast8.tiktokcdn-us.com/tos-useast5-avt-0068-tx/37b35ce6d95ceec7f265d4d93f039247~tplv-tiktokx-cropcenter:100:100.jpg?dr=9640&refresh_token=b2cfe116&x-expires=1752120000&x-signature=pzg6wRsefm4gKo5g%2BaFaw%2FG2ed0%3D&t=4d5b0474&ps=13740610&shp=30310797&shcp=ff37627b&idc=useast8,7.49742E+18,1745628231,2025-04-26T00:43:51.000Z,948,https://www.tiktok.com/@huaynamusic/video/7496581054027877687?q=peruanos&t=1752034492211,false,false,,6,https://www.tiktok.com/@huaynamusic/video/7496581054027877687?q=peruanos&t=1752034492211,idk it’s kind of growing on me,6.8816E+18,moizvc,https://www.tiktok.com/@huaynamusic/video/7496581054027877687
https://p16-common-sign-va.tiktokcdn-us.com/tos-maliva-avt-0068/cdabb3fd65391c2ddbb820c84670c1a7~tplv-tiktokx-cropcenter:100:100.jpg?dr=9640&refresh_token=ea3ec985&x-expires=1752120000&x-signature=8Eyq4fEDtvwabYMwAl5Pfcujzs0%3D&t=4d5b0474&ps=13740610&shp=30310797&shcp=ff37627b&idc=useast8,7.49746E+18,1745637660,2025-04-26T03:21:00.000Z,199,https://www.tiktok.com/@huaynamusic/video/7496581054027877687?q=peruanos&t=1752034492211,true,false,,8,https://www.tiktok.com/@huaynamusic/video/7496581054027877687?q=peruanos&t=1752034492211,"SON PERUANAS COMO YO, SOLO SON DE UNA DE LAS BELLAS REGIONES DE MI BELLO PAÍS CON SUS PROPIAS COSTUMBRES, SOY FELIZ DE SER PERUANA COMO ELLAS.",6.75365E+18,marsabeth19,https://www.tiktok.com/@huaynamusic/video/7496581054027877687
https://p16-common-sign-va.tiktokcdn-us.com/tos-maliva-avt-0068/d708dc1bab9e71bd63bca722429e11ea~tplv-tiktokx-cropcenter:100:100.jpg?dr=9640&refresh_token=f5b26da0&x-expires=1752120000&x-signature=7rOdJU8%2FD8K%2BewotC1QtHEM%2BLAo%3D&t=4d5b0474&ps=13740610&shp=30310797&shcp=ff37627b&idc=useast8,7.4999E+18,1746206240,2025-05-02T17:17:20.000Z,156,https://www.tiktok.com/@huaynamusic/video/7496581054027877687?q=peruanos&t=1752034492211,false,false,,3,https://www.tiktok.com/@huaynamusic/video/7496581054027877687?q=peruanos&t=1752034492211,bailando está rola [sticker],7.08801E+18,eriklisek,https://www.tiktok.com/@huaynamusic/video/7496581054027877687
https://p19-pu-sign-useast8.tiktokcdn-us.com/tos-useast8-avt-0068-tx2/28625a68fad8edff10da52f7edf72c4a~tplv-tiktokx-cropcenter:100:100.jpg?dr=9640&refresh_token=bd13ba68&x-expires=1752120000&x-signature=3QIZcWTjRG8Rx0iBWR%2F3%2BXGXVzw%3D&t=4d5b0474&ps=13740610&shp=30310797&shcp=ff37627b&idc=useast8,7.49719E+18,1745576404,2025-04-25T10:20:04.000Z,83,https://www.tiktok.com/@huaynamusic/video/7496581054027877687?q=peruanos&t=1752034492211,true,false,,5,https://www.tiktok.com/@huaynamusic/video/7496581054027877687?q=peruanos&t=1752034492211,Puro corrido peruano jajajajja,7.4407E+18,crisvarisortigoza,https://www.tiktok.com/@huaynamusic/video/7496581054027877687
https://p16-common-sign-va.tiktokcdn-us.com/tos-maliva-avt-0068/caa6784bf034b39215f2a1e0d5da8819~tplv-tiktokx-cropcenter:100:100.jpg?dr=9640&refresh_token=d19d51fe&x-expires=1752120000&x-signature=sRO56qqG%2BFERVfIelw2Uocae42A%3D&t=4d5b0474&ps=13740610&shp=30310797&shcp=ff37627b&idc=useast8,7.49693E+18,1745514896,2025-04-24T17:14:56.000Z,28,https://www.tiktok.com/@huaynamusic/video/7496581054027877687?q=peruanos&t=1752034492211,true,false,,2,https://www.tiktok.com/@huaynamusic/video/7496581054027877687?q=peruanos&t=1752034492211,lo más lindo es tener variedad de cultura...... se lleva en la sangre..... eso es cultura y forma parte de nosotros los peruanos.... ojalá no olvidemos quienes somos y de dónde venimos..........,7.01471E+18,ziani600,https://www.tiktok.com/@huaynamusic/video/7496581054027877687
https://p16-sign.tiktokcdn-us.com/tos-useast5-avt-0068-tx/a0ef376acbc7ae825ad408f51f521162~tplv-tiktokx-cropcenter:100:100.jpg?dr=9640&refresh_token=20f38a41&x-expires=1752120000&x-signature=zbyEdOg6Him3HkC1EsDmykrjHrc%3D&t=4d5b0474&ps=13740610&shp=30310797&shcp=ff37627b&idc=useast8,7.49723E+18,1745585650,2025-04-25T12:54:10.000Z,39,https://www.tiktok.com/@huaynamusic/video/7496581054027877687?q=peruanos&t=1752034492211,false,false,,8,https://www.tiktok.com/@huaynamusic/video/7496581054027877687?q=peruanos&t=1752034492211,a los que las critican jamás han viajado a otros países oq? señores esto se llama: CULTURA! y debe respetarse porque es la esencia de cada país. ????,6.98898E+18,the__tampa,https://www.tiktok.com/@huaynamusic/video/7496581054027877687
https://p16-common-sign-sg.tiktokcdn-us.com/tos-alisg-avt-0068/006c15a7a2841c8e2c95c259bf21be71~tplv-tiktokx-cropcenter:100:100.jpg?dr=9640&refresh_token=8bcaad9b&x-expires=1752120000&x-signature=OFlqBHxcIAS%2Ffyc4TN89BcxbgH8%3D&t=4d5b0474&ps=13740610&shp=30310797&shcp=ff37627b&idc=useast8,7.49738E+18,1745619671,2025-04-25T22:21:11.000Z,32,https://www.tiktok.com/@huaynamusic/video/7496581054027877687?q=peruanos&t=1752034492211,true,false,,0,https://www.tiktok.com/@huaynamusic/video/7496581054027877687?q=peruanos&t=1752034492211,"Esta es una tradición de los hermanos peruanos. Su forma de cantar data de años. Seamos todos respetuosos de las tradiciones, usos y costumbres de todos nuestros pueblos indígenas latinoamericanos",6.79896E+18,amayrani.ra5,https://www.tiktok.com/@huaynamusic/video/7496581054027877687
https://p16-common-sign-va.tiktokcdn-us.com/tos-maliva-avt-0068/80dba0cb5e97ffb324a59854773df8ff~tplv-tiktokx-cropcenter:100:100.jpg?dr=9640&refresh_token=e65d4fe2&x-expires=1752120000&x-signature=Fc%2FfiMzCKqaRy%2FURHzJ3wkgnPIA%3D&t=4d5b0474&ps=13740610&shp=30310797&shcp=ff37627b&idc=useast8,7.49853E+18,1745888419,2025-04-29T01:00:19.000Z,405,https://www.tiktok.com/@huaynamusic/video/7496581054027877687?q=peruanos&t=1752034492211,true,false,,83,https://www.tiktok.com/@huaynamusic/video/7496581054027877687?q=peruanos&t=1752034492211,Mi sueño es nunca conocer Perú,6.94894E+18,weirdboi420j,https://www.tiktok.com/@huaynamusic/video/7496581054027877687
https://p16-common-sign-va.tiktokcdn-us.com/tos-maliva-avt-0068/7324129139743555589~tplv-tiktokx-cropcenter:100:100.jpg?dr=9640&refresh_token=009c2fc3&x-expires=1752120000&x-signature=g2o3pDr%2FOZ1hWmp1WSCcd%2Brgocg%3D&t=4d5b0474&ps=13740610&shp=30310797&shcp=ff37627b&idc=useast8,7.49854E+18,1745888885,2025-04-29T01:08:05.000Z,21,https://www.tiktok.com/@huaynamusic/video/7496581054027877687?q=peruanos&t=1752034492211,false,false,,0,https://www.tiktok.com/@huaynamusic/video/7496581054027877687?q=peruanos&t=1752034492211,Ahora entiendo que wendy sulca cantaba en serio,6.83125E+18,stefanod99,https://www.tiktok.com/@huaynamusic/video/7496581054027877687
https://p16-common-sign-sg.tiktokcdn-us.com/tos-alisg-avt-0068/167aa1f6f90cc902c6567faa238fa508~tplv-tiktokx-cropcenter:100:100.jpg?dr=9640&refresh_token=14048dce&x-expires=1752120000&x-signature=FFebl0jiqTMGo7ymm8B1%2BEgsg0U%3D&t=4d5b0474&ps=13740610&shp=30310797&shcp=ff37627b&idc=useast8,7.50527E+18,1747456889,2025-05-17T04:41:29.000Z,8,https://www.tiktok.com/@huaynamusic/video/7496581054027877687?q=peruanos&t=1752034492211,false,false,,2,https://www.tiktok.com/@huaynamusic/video/7496581054027877687?q=peruanos&t=1752034492211,"pregunta sería, en Perú es ilegal cantar bien ?",6.77413E+18,eric_st_official,https://www.tiktok.com/@huaynamusic/video/7496581054027877687
https://p16-common-sign-sg.tiktokcdn-us.com/tos-alisg-avt-0068/935ed545db46d89ceec6f07e9e30fc04~tplv-tiktokx-cropcenter:100:100.jpg?dr=9640&refresh_token=8b691599&x-expires=1752120000&x-signature=YIkdoU503HoQiMTRijp6GQRnBcg%3D&t=4d5b0474&ps=13740610&shp=30310797&shcp=ff37627b&idc=useast8,7.49884E+18,1745960760,2025-04-29T21:06:00.000Z,34,https://www.tiktok.com/@huaynamusic/video/7496581054027877687?q=peruanos&t=1752034492211,false,false,,1,https://www.tiktok.com/@huaynamusic/video/7496581054027877687?q=peruanos&t=1752034492211,eso me pasa por darle like a todo,6.85023E+18,trippz_zz,https://www.tiktok.com/@huaynamusic/video/7496581054027877687
https://p16-common-sign-va.tiktokcdn-us.com/tos-maliva-avt-0068/d759663c36713276b41c559c80f86b79~tplv-tiktokx-cropcenter:100:100.jpg?dr=9640&refresh_token=60d8989a&x-expires=1752120000&x-signature=a8un1gbI7Nj8%2F5IEnepZM2sriXY%3D&t=4d5b0474&ps=13740610&shp=30310797&shcp=ff37627b&idc=useast8,7.49691E+18,1745509907,2025-04-24T15:51:47.000Z,52,https://www.tiktok.com/@huaynamusic/video/7496581054027877687?q=peruanos&t=1752034492211,true,false,,0,https://www.tiktok.com/@huaynamusic/video/7496581054027877687?q=peruanos&t=1752034492211,CHILE ???? SALUDA A HERMMANOS PERUANOS ????,7.47499E+18,abclascosassonasi11,https://www.tiktok.com/@huaynamusic/video/7496581054027877687
https://p16-common-sign-va.tiktokcdn-us.com/tos-maliva-avt-0068/3ad3b3a38a6c04c327db281cc11b51a0~tplv-tiktokx-cropcenter:100:100.jpg?dr=9640&refresh_token=508a80b4&x-expires=1752120000&x-signature=ssxa9p84TshjzYKnGS3sBoj%2B8Co%3D&t=4d5b0474&ps=13740610&shp=30310797&shcp=ff37627b&idc=useast8,7.49702E+18,1745535081,2025-04-24T22:51:21.000Z,42,https://www.tiktok.com/@huaynamusic/video/7496581054027877687?q=peruanos&t=1752034492211,false,false,,2,https://www.tiktok.com/@huaynamusic/video/7496581054027877687?q=peruanos&t=1752034492211,Ya entendi es una manera de pedir Ceveza com penita??????,7.42127E+18,emilicarolinaaula,https://www.tiktok.com/@huaynamusic/video/7496581054027877687
https://p16-common-sign-va.tiktokcdn-us.com/tos-maliva-avt-0068/8accce1dc9564ec7a727d0b82752f2cc~tplv-tiktokx-cropcenter:100:100.jpg?dr=9640&refresh_token=4febc037&x-expires=1752120000&x-signature=jNidOt%2BLtFAydVwRLMOXI4shUtM%3D&t=4d5b0474&ps=13740610&shp=30310797&shcp=ff37627b&idc=useast8,7.50249E+18,1746810539,2025-05-09T17:08:59.000Z,7,https://www.tiktok.com/@huaynamusic/video/7496581054027877687?q=peruanos&t=1752034492211,false,false,,0,https://www.tiktok.com/@huaynamusic/video/7496581054027877687?q=peruanos&t=1752034492211,?????? ??? ????????? ???? ?????,6.85756E+18,maratius_almaty,https://www.tiktok.com/@huaynamusic/video/7496581054027877687
https://p16-common-sign-va.tiktokcdn-us.com/tos-maliva-avt-0068/15691c865a75f1c9d1818e12d1280b46~tplv-tiktokx-cropcenter:100:100.jpg?dr=9640&refresh_token=291ec2ff&x-expires=1752120000&x-signature=QYH65BD8xHeyvwty%2BiEf%2BBY7Yb4%3D&t=4d5b0474&ps=13740610&shp=30310797&shcp=ff37627b&idc=useast8,7.49691E+18,1745511250,2025-04-24T16:14:10.000Z,56,https://www.tiktok.com/@huaynamusic/video/7496581054027877687?q=peruanos&t=1752034492211,true,false,,2,https://www.tiktok.com/@huaynamusic/video/7496581054027877687?q=peruanos&t=1752034492211,La cultura se respeta. ??,27241596,vivianaalbinoibar,https://www.tiktok.com/@huaynamusic/video/7496581054027877687
https://p16-common-sign-sg.tiktokcdn-us.com/tos-alisg-avt-0068/7327852237953171463~tplv-tiktokx-cropcenter:100:100.jpg?dr=9640&refresh_token=bce2247c&x-expires=1752120000&x-signature=9LUZY3RhevJqDkWSueTiUH5d%2Fgc%3D&t=4d5b0474&ps=13740610&shp=30310797&shcp=ff37627b&idc=useast8,7.49773E+18,1745701852,2025-04-26T21:10:52.000Z,28,https://www.tiktok.com/@huaynamusic/video/7496581054027877687?q=peruanos&t=1752034492211,false,false,,0,https://www.tiktok.com/@huaynamusic/video/7496581054027877687?q=peruanos&t=1752034492211,menos mal que le pusieron traducción...porque no se les entendía nada,6.86846E+18,carofagoaga,https://www.tiktok.com/@huaynamusic/video/7496581054027877687
https://p16-common-sign-va.tiktokcdn-us.com/tos-maliva-avt-0068/919907a78cb23917e2e9d0c471489f76~tplv-tiktokx-cropcenter:100:100.jpg?dr=9640&refresh_token=5d673dd7&x-expires=1752120000&x-signature=LZFwRzxAogRzQE1cikHbig8bZOQ%3D&t=4d5b0474&ps=13740610&shp=30310797&shcp=ff37627b&idc=useast8,7.49915E+18,1746032751,2025-04-30T17:05:51.000Z,13,https://www.tiktok.com/@huaynamusic/video/7496581054027877687?q=peruanos&t=1752034492211,false,false,,0,https://www.tiktok.com/@huaynamusic/video/7496581054027877687?q=peruanos&t=1752034492211,NOS INVANDEN LOS DEL FACEBOOK????,7.18183E+18,yjnxr32,https://www.tiktok.com/@huaynamusic/video/7496581054027877687
https://p19-common-sign-va.tiktokcdn-us.com/tos-maliva-avt-0068/7297317903489466373~tplv-tiktokx-cropcenter:100:100.jpg?dr=9640&refresh_token=c6031f66&x-expires=1752120000&x-signature=XcilClOpsMyLDvvtS75x2qfywR0%3D&t=4d5b0474&ps=13740610&shp=30310797&shcp=ff37627b&idc=useast8,7.49855E+18,1745891359,2025-04-29T01:49:19.000Z,16,https://www.tiktok.com/@huaynamusic/video/7496581054027877687?q=peruanos&t=1752034492211,false,false,,0,https://www.tiktok.com/@huaynamusic/video/7496581054027877687?q=peruanos&t=1752034492211,mis gatos pelando en el techo,7.29732E+18,maximiliano.santi624,https://www.tiktok.com/@huaynamusic/video/7496581054027877687
https://p16-common-sign-va.tiktokcdn-us.com/tos-maliva-avt-0068/ecdac483709463d7a2e8a59d36ad7549~tplv-tiktokx-cropcenter:100:100.jpg?dr=9640&refresh_token=cd6121ff&x-expires=1752120000&x-signature=kBZF6c8801EwHiYgfxJIu7NouQ0%3D&t=4d5b0474&ps=13740610&shp=30310797&shcp=ff37627b&idc=useast8,7.49785E+18,1745729282,2025-04-27T04:48:02.000Z,8,https://www.tiktok.com/@huaynamusic/video/7496581054027877687?q=peruanos&t=1752034492211,false,false,,0,https://www.tiktok.com/@huaynamusic/video/7496581054027877687?q=peruanos&t=1752034492211,"que a otros paises les averguencen sus tradiciones no significa que a los peruanos nos avergüence, nosotros si sabemos respetar",7.21936E+18,la_ce_ci,https://www.tiktok.com/@huaynamusic/video/7496581054027877687
https://p16-common-sign-va.tiktokcdn-us.com/tos-maliva-avt-0068/b7a56adb06aa64e2c3d3c9740e0027a4~tplv-tiktokx-cropcenter:100:100.jpg?dr=9640&refresh_token=b2d125a5&x-expires=1752120000&x-signature=aO8UJRQa3%2FmzKaXguwJAITKyowQ%3D&t=4d5b0474&ps=13740610&shp=30310797&shcp=ff37627b&idc=useast8,7.49733E+18,1745609307,2025-04-25T19:28:27.000Z,11,https://www.tiktok.com/@huaynamusic/video/7496581054027877687?q=peruanos&t=1752034492211,false,false,,0,https://www.tiktok.com/@huaynamusic/video/7496581054027877687?q=peruanos&t=1752034492211,agradecido por nacer en Perú,7.07615E+18,pero.que.paso,https://www.tiktok.com/@huaynamusic/video/7496581054027877687
https://p19-pu-sign-useast8.tiktokcdn-us.com/tos-useast5-avt-0068-tx/40f1455b015d585242df541aefd161c6~tplv-tiktokx-cropcenter:100:100.jpg?dr=9640&refresh_token=95567bce&x-expires=1752120000&x-signature=4zqD0o2t6v1lxUS8PBPt1TPH%2BII%3D&t=4d5b0474&ps=13740610&shp=30310797&shcp=ff37627b&idc=useast8,7.4979E+18,1745741026,2025-04-27T08:03:46.000Z,12,https://www.tiktok.com/@huaynamusic/video/7496581054027877687?q=peruanos&t=1752034492211,false,false,,0,https://www.tiktok.com/@huaynamusic/video/7496581054027877687?q=peruanos&t=1752034492211,JAJAJAJA pero los hombres peruanos se creen inalcanzables ??,7.10111E+18,garcia_ff9,https://www.tiktok.com/@huaynamusic/video/7496581054027877687
https://p16-common-sign-va.tiktokcdn-us.com/tos-maliva-avt-0068/08094a67b2a8d3c33644dc58418e2995~tplv-tiktokx-cropcenter:100:100.jpg?dr=9640&refresh_token=17cd4881&x-expires=1752120000&x-signature=QqkRFbH0Ni4Ak9nM11gwSu4VDoA%3D&t=4d5b0474&ps=13740610&shp=30310797&shcp=ff37627b&idc=useast8,7.49726E+18,1745592201,2025-04-25T14:43:21.000Z,28,https://www.tiktok.com/@huaynamusic/video/7496581054027877687?q=peruanos&t=1752034492211,false,false,,2,https://www.tiktok.com/@huaynamusic/video/7496581054027877687?q=peruanos&t=1752034492211,"Si Dios no existe, ¿quien me salvo de nacer en Perú?",6.60858E+18,lamorra_quele_llora_aash,https://www.tiktok.com/@huaynamusic/video/7496581054027877687
https://p16-common-sign-va.tiktokcdn-us.com/musically-maliva-obj/1594805258216454~tplv-tiktokx-cropcenter:100:100.jpg?dr=9640&refresh_token=ce268acd&x-expires=1752120000&x-signature=2V6B3Mc2dGT0Z5by3qU3UUrUDxM%3D&t=4d5b0474&ps=13740610&shp=30310797&shcp=ff37627b&idc=useast5,7.4969E+18,1745507610,2025-04-24T15:13:30.000Z,753,https://www.tiktok.com/@huaynamusic/video/7496581054027877687?q=peruanos&t=1752034492211,false,false,,14,https://www.tiktok.com/@huaynamusic/video/7496581054027877687?q=peruanos&t=1752034492211,???????? my ears hurts,6.85955E+18,babysface6,https://www.tiktok.com/@huaynamusic/video/7496581054027877687
https://p16-common-sign-va.tiktokcdn-us.com/tos-maliva-avt-0068/6e1fb784cacdb22e51f08b056d875082~tplv-tiktokx-cropcenter:100:100.jpg?dr=9640&refresh_token=6bf8edbb&x-expires=1752120000&x-signature=4uOIPnOr03grfyrGbtpW7i0i4kw%3D&t=4d5b0474&ps=13740610&shp=30310797&shcp=ff37627b&idc=useast5,7.49853E+18,1745888094,2025-04-29T00:54:54.000Z,10,https://www.tiktok.com/@huaynamusic/video/7496581054027877687?q=peruanos&t=1752034492211,false,false,,0,https://www.tiktok.com/@huaynamusic/video/7496581054027877687?q=peruanos&t=1752034492211,cerveza cerveza quiero tomar cerveza ??????,7.44254E+18,wlliam_07,https://www.tiktok.com/@huaynamusic/video/7496581054027877687
https://p19-common-sign-va.tiktokcdn-us.com/tos-maliva-avt-0068/f5219fea1ee55894f181941edb7e96ee~tplv-tiktokx-cropcenter:100:100.jpg?dr=9640&refresh_token=9f7a86d1&x-expires=1752120000&x-signature=l5FMLyO4%2Fc4N2fqY5tPos6HxvFc%3D&t=4d5b0474&ps=13740610&shp=30310797&shcp=ff37627b&idc=useast5,7.49738E+18,1745620880,2025-04-25T22:41:20.000Z,11,https://www.tiktok.com/@huaynamusic/video/7496581054027877687?q=peruanos&t=1752034492211,false,false,,0,https://www.tiktok.com/@huaynamusic/video/7496581054027877687?q=peruanos&t=1752034492211,en qué parte de Rusia fue eso?,7.45853E+18,pietro_753,https://www.tiktok.com/@huaynamusic/video/7496581054027877687
https://p19-pu-sign-useast8.tiktokcdn-us.com/tos-useast8-avt-0068-tx2/337447b8d3156443761fe6c00def0dd5~tplv-tiktokx-cropcenter:100:100.jpg?dr=9640&refresh_token=b9d637e1&x-expires=1752120000&x-signature=Ic%2F3APt6QovYVhcZmzfK0htAz7Q%3D&t=4d5b0474&ps=13740610&shp=30310797&shcp=ff37627b&idc=useast5,7.50471E+18,1747326148,2025-05-15T16:22:28.000Z,33,https://www.tiktok.com/@huaynamusic/video/7496581054027877687?q=peruanos&t=1752034492211,false,false,,0,https://www.tiktok.com/@huaynamusic/video/7496581054027877687?q=peruanos&t=1752034492211,"“Who am I to judge another, when I myself walk as an I’m-perfect man.” (Luke 6:37)",7.19572E+18,xxgenesisxx_10,https://www.tiktok.com/@huaynamusic/video/7496581054027877687
https://p19-common-sign-va.tiktokcdn-us.com/tos-maliva-avt-0068/c34e7368d5703bafbe3e9cf05c02a462~tplv-tiktokx-cropcenter:100:100.jpg?dr=9640&refresh_token=f241d0d7&x-expires=1752120000&x-signature=vlwsKkVsesSbLXm3mltXsimE%2Bqs%3D&t=4d5b0474&ps=13740610&shp=30310797&shcp=ff37627b&idc=useast5,7.49731E+18,1745604126,2025-04-25T18:02:06.000Z,46,https://www.tiktok.com/@huaynamusic/video/7496581054027877687?q=peruanos&t=1752034492211,true,false,,1,https://www.tiktok.com/@huaynamusic/video/7496581054027877687?q=peruanos&t=1752034492211,Como desperuaniso mi TikTok ?,6.84614E+18,edwinsammy,https://www.tiktok.com/@huaynamusic/video/7496581054027877687
https://p16-common-sign-va.tiktokcdn-us.com/tos-maliva-avt-0068/d1d86d6224e44b11c85280b9e9bc6422~tplv-tiktokx-cropcenter:100:100.jpg?dr=9640&refresh_token=8c3aafd4&x-expires=1752120000&x-signature=mZlCroYMCgRrE5bl25rc95LZkDQ%3D&t=4d5b0474&ps=13740610&shp=30310797&shcp=ff37627b&idc=useast5,7.49886E+18,1745964940,2025-04-29T22:15:40.000Z,5,https://www.tiktok.com/@huaynamusic/video/7496581054027877687?q=peruanos&t=1752034492211,false,false,,0,https://www.tiktok.com/@huaynamusic/video/7496581054027877687?q=peruanos&t=1752034492211,Siempre estaré orgulloso de haber nacido en Perú y toda la cultura que existe en este país maravilloso.,6.95663E+18,stevenson_26_m,https://www.tiktok.com/@huaynamusic/video/7496581054027877687
https://p19-sign.tiktokcdn-us.com/tos-useast5-avt-0068-tx/7342917913310937134~tplv-tiktokx-cropcenter:100:100.jpg?dr=9640&refresh_token=89d63547&x-expires=1752120000&x-signature=kYC7QY5kn%2FKoTu1A1y4Z%2BgkewFk%3D&t=4d5b0474&ps=13740610&shp=30310797&shcp=ff37627b&idc=useast5,7.49733E+18,1745607914,2025-04-25T19:05:14.000Z,12,https://www.tiktok.com/@huaynamusic/video/7496581054027877687?q=peruanos&t=1752034492211,false,false,,0,https://www.tiktok.com/@huaynamusic/video/7496581054027877687?q=peruanos&t=1752034492211,Gracias por poner subtítulos ??,6.93328E+18,praxigallardo,https://www.tiktok.com/@huaynamusic/video/7496581054027877687
https://p16-common-sign-sg.tiktokcdn-us.com/tos-alisg-avt-0068/d80ede4b81996c5b7dc05a8376888224~tplv-tiktokx-cropcenter:100:100.jpg?dr=9640&refresh_token=23ead7f3&x-expires=1752120000&x-signature=yIXkozpYyfodDo18Z5%2FerpeGdok%3D&t=4d5b0474&ps=13740610&shp=30310797&shcp=ff37627b&idc=useast8,7.50454E+18,1747287819,2025-05-15T05:43:39.000Z,2,https://www.tiktok.com/@huaynamusic/video/7496581054027877687?q=peruanos&t=1752034492211,false,false,,0,https://www.tiktok.com/@huaynamusic/video/7496581054027877687?q=peruanos&t=1752034492211,No son bellakas ni nada solo es un estilo de musica que no cualquiera lo puede cantar y paso de generacion a generacion,7.41021E+18,_clara_30,https://www.tiktok.com/@huaynamusic/video/7496581054027877687
https://p16-common-sign-va.tiktokcdn-us.com/tos-maliva-avt-0068/3a7bb95961cff194c656f5e5f5fc2f86~tplv-tiktokx-cropcenter:100:100.jpg?dr=9640&refresh_token=e972f1f5&x-expires=1752120000&x-signature=9Vk1vfq%2Bw%2FJCPiF7x3iK2HF7fAQ%3D&t=4d5b0474&ps=13740610&shp=30310797&shcp=ff37627b&idc=useast8,7.52147E+18,1751229623,2025-06-29T20:40:23.000Z,0,https://www.tiktok.com/@huaynamusic/video/7496581054027877687?q=peruanos&t=1752034492211,false,false,,0,https://www.tiktok.com/@huaynamusic/video/7496581054027877687?q=peruanos&t=1752034492211,corazón mi amigo de Perú dedica q todos los de Perú tomaban cerveza ?? y le gustaba músicas así ??y yo solo me reía por q no sabía por q y nunca q contó ??????perdimos conexión nosé q le pasó ??????????,7.51522E+18,lacia.lpez1,https://www.tiktok.com/@huaynamusic/video/7496581054027877687
https://p16-common-sign-va.tiktokcdn-us.com/tos-maliva-avt-0068/bed8de6a8c48dfcab5f28d0b097fd9bf~tplv-tiktokx-cropcenter:100:100.jpg?dr=9640&refresh_token=8c8a56c7&x-expires=1752120000&x-signature=AmgX%2FsFGkg5tKOfZbec86XteQHg%3D&t=4d5b0474&ps=13740610&shp=30310797&shcp=ff37627b&idc=useast8,7.52072E+18,1751053743,2025-06-27T19:49:03.000Z,2,https://www.tiktok.com/@huaynamusic/video/7496581054027877687?q=peruanos&t=1752034492211,true,false,,0,https://www.tiktok.com/@huaynamusic/video/7496581054027877687?q=peruanos&t=1752034492211,peruanss bellakas,7.4778E+18,lili1234840,https://www.tiktok.com/@huaynamusic/video/7496581054027877687
https://p16-common-sign-va.tiktokcdn-us.com/tos-maliva-avt-0068/7325513999369322502~tplv-tiktokx-cropcenter:100:100.jpg?dr=9640&refresh_token=366d0ff6&x-expires=1752120000&x-signature=bx%2B%2FDW%2Fxlrx%2BC24mqBor%2BYxzSTc%3D&t=4d5b0474&ps=13740610&shp=30310797&shcp=ff37627b&idc=useast8,7.50747E+18,1747968190,2025-05-23T02:43:10.000Z,4,https://www.tiktok.com/@huaynamusic/video/7496581054027877687?q=peruanos&t=1752034492211,false,false,,0,https://www.tiktok.com/@huaynamusic/video/7496581054027877687?q=peruanos&t=1752034492211,jajajaa a la una le duele la cabeza y a la otra la muelas ????,6.80797E+18,leomendoza162,https://www.tiktok.com/@huaynamusic/video/7496581054027877687
https://p16-common-sign-sg.tiktokcdn-us.com/tos-alisg-avt-0068/bec0feffa76ab3000318bb97cf3c5501~tplv-tiktokx-cropcenter:100:100.jpg?dr=9640&refresh_token=92738108&x-expires=1752120000&x-signature=1FlQY8Lq9nEtVC4Yk54kKp%2FrU0k%3D&t=4d5b0474&ps=13740610&shp=30310797&shcp=ff37627b&idc=useast8,7.50749E+18,1747973086,2025-05-23T04:04:46.000Z,3,https://www.tiktok.com/@huaynamusic/video/7496581054027877687?q=peruanos&t=1752034492211,false,false,,0,https://www.tiktok.com/@huaynamusic/video/7496581054027877687?q=peruanos&t=1752034492211,"AHI ERA LA DE
AY MI GATITO MIAU MIAU HAY MI GATITO MIAU MIAU",7.48623E+18,puinsano,https://www.tiktok.com/@huaynamusic/video/7496581054027877687
https://p16-common-sign-va.tiktokcdn-us.com/tos-maliva-avt-0068/d8da24590783ead2c8e2fdb0e0ea5592~tplv-tiktokx-cropcenter:100:100.jpg?dr=9640&refresh_token=3cef6a86&x-expires=1752120000&x-signature=0ZI89mHS0Z99iMR546mvWfW%2F%2Frs%3D&t=4d5b0474&ps=13740610&shp=30310797&shcp=ff37627b&idc=useast8,7.50523E+18,1747448638,2025-05-17T02:23:58.000Z,4,https://www.tiktok.com/@huaynamusic/video/7496581054027877687?q=peruanos&t=1752034492211,false,false,,0,https://www.tiktok.com/@huaynamusic/video/7496581054027877687?q=peruanos&t=1752034492211,"no se cual cancion se le entiende menos la letra, si a pilates o a esta",6.85768E+18,ycacua,https://www.tiktok.com/@huaynamusic/video/7496581054027877687
https://p19-pu-sign-useast8.tiktokcdn-us.com/tos-useast8-avt-0068-tx2/fd0175d0ca28f5dd30ecbc8a65402e6a~tplv-tiktokx-cropcenter:100:100.jpg?dr=9640&refresh_token=62be6aca&x-expires=1752120000&x-signature=IF16mNJpi58UncEhC0peah7vKEA%3D&t=4d5b0474&ps=13740610&shp=30310797&shcp=ff37627b&idc=useast8,7.51068E+18,1748715729,2025-05-31T18:22:09.000Z,2,https://www.tiktok.com/@huaynamusic/video/7496581054027877687?q=peruanos&t=1752034492211,false,false,,0,https://www.tiktok.com/@huaynamusic/video/7496581054027877687?q=peruanos&t=1752034492211,Lo único que entendí solo fue “Cerveza”,6.77274E+18,calzoskiminijr,https://www.tiktok.com/@huaynamusic/video/7496581054027877687
https://p16-common-sign-sg.tiktokcdn-us.com/tos-alisg-avt-0068/62bf46bbead3ff54e36531171e3e45ee~tplv-tiktokx-cropcenter:100:100.jpg?dr=9640&refresh_token=03c1be80&x-expires=1752120000&x-signature=pWuBE%2FSK1YKj%2FV7ownE90fHMrBw%3D&t=4d5b0474&ps=13740610&shp=30310797&shcp=ff37627b&idc=useast8,7.50471E+18,1747327574,2025-05-15T16:46:14.000Z,2,https://www.tiktok.com/@huaynamusic/video/7496581054027877687?q=peruanos&t=1752034492211,false,false,,0,https://www.tiktok.com/@huaynamusic/video/7496581054027877687?q=peruanos&t=1752034492211,DIOS ME SALVO DE NACER EN PERÚ ????,7.47106E+18,natsuu_52,https://www.tiktok.com/@huaynamusic/video/7496581054027877687
https://p16-common-sign-va.tiktokcdn-us.com/tos-maliva-avt-0068/d2ee91ec9f54755bf7378eb0a78e5335~tplv-tiktokx-cropcenter:100:100.jpg?dr=9640&refresh_token=a14e7d13&x-expires=1752120000&x-signature=9RJpRlc2%2FbZcuO%2B0qNqXVFGqLPI%3D&t=4d5b0474&ps=13740610&shp=30310797&shcp=ff37627b&idc=useast8,7.5063E+18,1747697537,2025-05-19T23:32:17.000Z,3,https://www.tiktok.com/@huaynamusic/video/7496581054027877687?q=peruanos&t=1752034492211,false,false,,0,https://www.tiktok.com/@huaynamusic/video/7496581054027877687?q=peruanos&t=1752034492211,"esa es su cultura, Hay que respetarla????",6.90057E+18,milenaquesada2,https://www.tiktok.com/@huaynamusic/video/7496581054027877687
https://p16-common-sign-sg.tiktokcdn-us.com/tos-alisg-avt-0068/247d54f129b21cea424af62415d3d573~tplv-tiktokx-cropcenter:100:100.jpg?dr=9640&refresh_token=fd7a130d&x-expires=1752120000&x-signature=ykx0ENqO5rHsJ%2FEnzpLunDP4QpM%3D&t=4d5b0474&ps=13740610&shp=30310797&shcp=ff37627b&idc=useast8,7.50511E+18,1747420070,2025-05-16T18:27:50.000Z,3,https://www.tiktok.com/@huaynamusic/video/7496581054027877687?q=peruanos&t=1752034492211,false,false,,0,https://www.tiktok.com/@huaynamusic/video/7496581054027877687?q=peruanos&t=1752034492211,cómo desperuano mi celular ??,7.47415E+18,benjaminvicentefu1,https://www.tiktok.com/@huaynamusic/video/7496581054027877687
https://p16-common-sign-sg.tiktokcdn-us.com/tos-alisg-avt-0068/61420f36cc037e4068290b5d901b4623~tplv-tiktokx-cropcenter:100:100.jpg?dr=9640&refresh_token=3f8f0aa9&x-expires=1752120000&x-signature=6AlEAmCaPBv8OXdzPvShs2pCqNA%3D&t=4d5b0474&ps=13740610&shp=30310797&shcp=ff37627b&idc=useast8,7.50698E+18,1747854721,2025-05-21T19:12:01.000Z,2,https://www.tiktok.com/@huaynamusic/video/7496581054027877687?q=peruanos&t=1752034492211,false,false,,0,https://www.tiktok.com/@huaynamusic/video/7496581054027877687?q=peruanos&t=1752034492211,En mis tiempos era movimiento naranja ??????,7.08462E+18,yoselincastillo983,https://www.tiktok.com/@huaynamusic/video/7496581054027877687
https://p16-common-sign-sg.tiktokcdn-us.com/tos-alisg-avt-0068/e0b54ab67a8125bc5c1d2b964db9d62e~tplv-tiktokx-cropcenter:100:100.jpg?dr=9640&refresh_token=a6c4a950&x-expires=1752120000&x-signature=3WkTzm8HQTS9%2BDakIX4syv2zdwY%3D&t=4d5b0474&ps=13740610&shp=30310797&shcp=ff37627b&idc=useast8,7.50742E+18,1747958154,2025-05-22T23:55:54.000Z,2,https://www.tiktok.com/@huaynamusic/video/7496581054027877687?q=peruanos&t=1752034492211,false,false,,0,https://www.tiktok.com/@huaynamusic/video/7496581054027877687?q=peruanos&t=1752034492211,pense que era el de cerveza cerveza quiero tomar cerveza,7.2066E+18,juanmauricioreyna,https://www.tiktok.com/@huaynamusic/video/7496581054027877687
https://p16-common-sign-va.tiktokcdn-us.com/tos-maliva-avt-0068/929ea173b12a4057980625ad736db1f4~tplv-tiktokx-cropcenter:100:100.jpg?dr=9640&refresh_token=a35324c3&x-expires=1752120000&x-signature=cSwnX9ORiNg4bk59WorARQLf8gA%3D&t=4d5b0474&ps=13740610&shp=30310797&shcp=ff37627b&idc=useast8,7.50588E+18,1747599273,2025-05-18T20:14:33.000Z,2,https://www.tiktok.com/@huaynamusic/video/7496581054027877687?q=peruanos&t=1752034492211,false,false,,0,https://www.tiktok.com/@huaynamusic/video/7496581054027877687?q=peruanos&t=1752034492211,cómo que no hablaba en un 2do idioma de Perú? ??,7.4557E+18,siriusandadhara,https://www.tiktok.com/@huaynamusic/video/7496581054027877687
https://p16-common-sign-sg.tiktokcdn-us.com/tos-alisg-avt-0068/ef3655bd6548bd3619dc6eea0c583c22~tplv-tiktokx-cropcenter:100:100.jpg?dr=9640&refresh_token=8545e138&x-expires=1752120000&x-signature=8%2FtVCWW96TgubsxnyQKtmNxYbEw%3D&t=4d5b0474&ps=13740610&shp=30310797&shcp=ff37627b&idc=useast8,7.5074E+18,1747952570,2025-05-22T22:22:50.000Z,2,https://www.tiktok.com/@huaynamusic/video/7496581054027877687?q=peruanos&t=1752034492211,true,false,,0,https://www.tiktok.com/@huaynamusic/video/7496581054027877687?q=peruanos&t=1752034492211,gracias por los subtítulos por qué no sabía que decían,6.92594E+18,danieljeremy48,https://www.tiktok.com/@huaynamusic/video/7496581054027877687
https://p16-common-sign-sg.tiktokcdn-us.com/tos-alisg-avt-0068/2ecc39ef433c68759562191b3e355ec7~tplv-tiktokx-cropcenter:100:100.jpg?dr=9640&refresh_token=ad838d03&x-expires=1752120000&x-signature=lHJMMI5JadKittkv6VkDVDKXC6c%3D&t=4d5b0474&ps=13740610&shp=30310797&shcp=ff37627b&idc=useast8,7.50482E+18,1747352926,2025-05-15T23:48:46.000Z,2,https://www.tiktok.com/@huaynamusic/video/7496581054027877687?q=peruanos&t=1752034492211,false,false,,0,https://www.tiktok.com/@huaynamusic/video/7496581054027877687?q=peruanos&t=1752034492211,Como desperualizo mi tik tok?,7.3616E+18,bemnn67,https://www.tiktok.com/@huaynamusic/video/7496581054027877687
https://p16-common-sign-sg.tiktokcdn-us.com/tos-alisg-avt-0068/6c1467e63f0d18b791dfe81a65a29d1f~tplv-tiktokx-cropcenter:100:100.jpg?dr=9640&refresh_token=96f6bb5b&x-expires=1752120000&x-signature=dWk3I%2BkYhULxJVantAAU%2FiuT0E4%3D&t=4d5b0474&ps=13740610&shp=30310797&shcp=ff37627b&idc=useast8,7.50639E+18,1747716750,2025-05-20T04:52:30.000Z,2,https://www.tiktok.com/@huaynamusic/video/7496581054027877687?q=peruanos&t=1752034492211,false,false,,0,https://www.tiktok.com/@huaynamusic/video/7496581054027877687?q=peruanos&t=1752034492211,el volumen no es suficiente cuando suena este temaso,7.33234E+18,mianpaar2008,https://www.tiktok.com/@huaynamusic/video/7496581054027877687
https://p16-common-sign-va.tiktokcdn-us.com/tos-maliva-avt-0068/466160fe5dd98083d33c274f58f6d566~tplv-tiktokx-cropcenter:100:100.jpg?dr=9640&refresh_token=967c8774&x-expires=1752120000&x-signature=h%2BNJgDwQWjRGkbPutA2AEwXwU6g%3D&t=4d5b0474&ps=13740610&shp=30310797&shcp=ff37627b&idc=useast8,7.50669E+18,1747787905,2025-05-21T00:38:25.000Z,2,https://www.tiktok.com/@huaynamusic/video/7496581054027877687?q=peruanos&t=1752034492211,false,false,,0,https://www.tiktok.com/@huaynamusic/video/7496581054027877687?q=peruanos&t=1752034492211,por qué se tapa la cara?,7.497E+18,ambarpensa3,https://www.tiktok.com/@huaynamusic/video/7496581054027877687
https://p16-common-sign-va.tiktokcdn-us.com/tos-maliva-avt-0068/ad8dee39ca0ef5a8b5fece8add363f73~tplv-tiktokx-cropcenter:100:100.jpg?dr=9640&refresh_token=9d346386&x-expires=1752120000&x-signature=dTW9LXOwffwgdrS7mt1Id0NZ4wU%3D&t=4d5b0474&ps=13740610&shp=30310797&shcp=ff37627b&idc=useast8,7.50519E+18,1747437270,2025-05-16T23:14:30.000Z,3,https://www.tiktok.com/@huaynamusic/video/7496581054027877687?q=peruanos&t=1752034492211,false,false,,3,https://www.tiktok.com/@huaynamusic/video/7496581054027877687?q=peruanos&t=1752034492211,"soy de Perú, angan sus preguntas",6.82459E+18,chapulincolorado_2,https://www.tiktok.com/@huaynamusic/video/7496581054027877687
https://p16-common-sign-va.tiktokcdn-us.com/tos-maliva-avt-0068/832302d2b593f76cccd25e0c06174d82~tplv-tiktokx-cropcenter:100:100.jpg?dr=9640&refresh_token=8b820aff&x-expires=1752120000&x-signature=sfeqNjP7gOvOJ6Tzmymj3Gdfv9I%3D&t=4d5b0474&ps=13740610&shp=30310797&shcp=ff37627b&idc=useast8,7.50543E+18,1747494960,2025-05-17T15:16:00.000Z,2,https://www.tiktok.com/@huaynamusic/video/7496581054027877687?q=peruanos&t=1752034492211,false,false,,1,https://www.tiktok.com/@huaynamusic/video/7496581054027877687?q=peruanos&t=1752034492211,por que se tapaba la cara? ??,7.23267E+18,antoo_2735,https://www.tiktok.com/@huaynamusic/video/7496581054027877687
https://p19-common-sign-va.tiktokcdn-us.com/tos-maliva-avt-0068/ebc80a4116ffd85ea969295d2afcc7b0~tplv-tiktokx-cropcenter:100:100.jpg?dr=9640&refresh_token=e62605f1&x-expires=1752120000&x-signature=gVlvZKNZ70LaqOtD489cPJG8TM0%3D&t=4d5b0474&ps=13740610&shp=30310797&shcp=ff37627b&idc=useast8,7.50705E+18,1747871544,2025-05-21T23:52:24.000Z,0,https://www.tiktok.com/@huaynamusic/video/7496581054027877687?q=peruanos&t=1752034492211,false,false,,0,https://www.tiktok.com/@huaynamusic/video/7496581054027877687?q=peruanos&t=1752034492211,desde q vi el video de ay mi gatito miau miau de grande respeto todas las culturas,6.89697E+18,paseeojr,https://www.tiktok.com/@huaynamusic/video/7496581054027877687
https://p16-common-sign-va.tiktokcdn-us.com/tos-maliva-avt-0068/b03de554a7a2db8820483b652506ea19~tplv-tiktokx-cropcenter:100:100.jpg?dr=9640&refresh_token=4b443067&x-expires=1752120000&x-signature=vw1r%2F7Rxg2ah%2BsYgVAxcc7RMXTQ%3D&t=4d5b0474&ps=13740610&shp=30310797&shcp=ff37627b&idc=useast8,7.50518E+18,1747436840,2025-05-16T23:07:20.000Z,2,https://www.tiktok.com/@huaynamusic/video/7496581054027877687?q=peruanos&t=1752034492211,false,false,,0,https://www.tiktok.com/@huaynamusic/video/7496581054027877687?q=peruanos&t=1752034492211,Gracias por poner los subtítulos ya entiendo esta maravillosa lírica,6.73113E+18,cacioppoj21,https://www.tiktok.com/@huaynamusic/video/7496581054027877687
https://p16-common-sign-va.tiktokcdn-us.com/tos-maliva-avt-0068/ad47d15e871082dd8572e9549c368ada~tplv-tiktokx-cropcenter:100:100.jpg?dr=9640&refresh_token=612bb455&x-expires=1752120000&x-signature=ylavhn8PTXtnw2Zv1D3IHuA5Wb4%3D&t=4d5b0474&ps=13740610&shp=30310797&shcp=ff37627b&idc=useast8,7.50477E+18,1747354198,2025-05-16T00:09:58.000Z,2,https://www.tiktok.com/@huaynamusic/video/7496581054027877687?q=peruanos&t=1752034492211,false,false,,0,https://www.tiktok.com/@huaynamusic/video/7496581054027877687?q=peruanos&t=1752034492211,porq se tapan la boca?,7.42125E+18,aritauoo,https://www.tiktok.com/@huaynamusic/video/7496581054027877687
https://p19-pu-sign-useast8.tiktokcdn-us.com/tos-useast5-avt-0068-tx/7334793482982621227~tplv-tiktokx-cropcenter:100:100.jpg?dr=9640&refresh_token=762a16a9&x-expires=1752120000&x-signature=xrOseMRg7j2hJBa34cwIOrFG5UU%3D&t=4d5b0474&ps=13740610&shp=30310797&shcp=ff37627b&idc=useast8,7.5041E+18,1747185286,2025-05-14T01:14:46.000Z,2,https://www.tiktok.com/@huaynamusic/video/7496581054027877687?q=peruanos&t=1752034492211,false,false,,0,https://www.tiktok.com/@huaynamusic/video/7496581054027877687?q=peruanos&t=1752034492211,por q me aparecen este tipo de vídeos ??,6.64164E+18,jannifran,https://www.tiktok.com/@huaynamusic/video/7496581054027877687
https://p19-pu-sign-useast8.tiktokcdn-us.com/tos-useast5-avt-0068-tx/8751e7503f330f005bb26e0a2fcac9c4~tplv-tiktokx-cropcenter:100:100.jpg?dr=9640&refresh_token=66e979b0&x-expires=1752120000&x-signature=EHnPUQR%2FjXgC2IwvDWjp7FTbThc%3D&t=4d5b0474&ps=13740610&shp=30310797&shcp=ff37627b&idc=useast8,7.5074E+18,1747951967,2025-05-22T22:12:47.000Z,1,https://www.tiktok.com/@huaynamusic/video/7496581054027877687?q=peruanos&t=1752034492211,false,false,,0,https://www.tiktok.com/@huaynamusic/video/7496581054027877687?q=peruanos&t=1752034492211,jajjajajajajjajaa Perú como quiere que uno no se burle jajajaj??????????,7.11672E+18,jhon.sselbebo,https://www.tiktok.com/@huaynamusic/video/7496581054027877687
https://p16-common-sign-va.tiktokcdn-us.com/tos-maliva-avt-0068/18e093c85f83e790e6f92e8172b0808d~tplv-tiktokx-cropcenter:100:100.jpg?dr=9640&refresh_token=af35f73a&x-expires=1752120000&x-signature=rdWCyvBomhWn5XwChv%2FEETM%2Fs44%3D&t=4d5b0474&ps=13740610&shp=30310797&shcp=ff37627b&idc=useast8,7.50657E+18,1747759571,2025-05-20T16:46:11.000Z,1,https://www.tiktok.com/@huaynamusic/video/7496581054027877687?q=peruanos&t=1752034492211,false,false,,0,https://www.tiktok.com/@huaynamusic/video/7496581054027877687?q=peruanos&t=1752034492211,Hermosa canción de nuestro Perú ??,7.42072E+18,aldair.bonilla3,https://www.tiktok.com/@huaynamusic/video/7496581054027877687
https://p16-common-sign-va.tiktokcdn-us.com/tos-maliva-avt-0068/a22459c1100734e3c3827636898d2a4a~tplv-tiktokx-cropcenter:100:100.jpg?dr=9640&refresh_token=04d17054&x-expires=1752120000&x-signature=V8Fkv%2FQt6733HgtCR8OytAeVC3k%3D&t=4d5b0474&ps=13740610&shp=30310797&shcp=ff37627b&idc=useast8,7.50523E+18,1747446788,2025-05-17T01:53:08.000Z,1,https://www.tiktok.com/@huaynamusic/video/7496581054027877687?q=peruanos&t=1752034492211,false,false,,0,https://www.tiktok.com/@huaynamusic/video/7496581054027877687?q=peruanos&t=1752034492211,cerru en sus mejores momentos,7.33674E+18,braian.duarte13,https://www.tiktok.com/@huaynamusic/video/7496581054027877687
https://p16-pu-sign-useast8.tiktokcdn-us.com/tos-useast5-avt-0068-tx/d3506b61e8fb7f39483ce30372ec1be0~tplv-tiktokx-cropcenter:100:100.jpg?dr=9640&refresh_token=a7f13cc6&x-expires=1752120000&x-signature=QdewabBr9a2Bt2nmnLh3c9dPn2w%3D&t=4d5b0474&ps=13740610&shp=30310797&shcp=ff37627b&idc=useast8,7.51732E+18,1750262432,2025-06-18T16:00:32.000Z,2,https://www.tiktok.com/@huaynamusic/video/7496581054027877687?q=peruanos&t=1752034492211,false,false,,0,https://www.tiktok.com/@huaynamusic/video/7496581054027877687?q=peruanos&t=1752034492211,beautiful. I’m Peruvian and proud,6.72638E+18,erikagamarra,https://www.tiktok.com/@huaynamusic/video/7496581054027877687
https://p16-common-sign-va.tiktokcdn-us.com/tos-maliva-avt-0068/7335567647918653446~tplv-tiktokx-cropcenter:100:100.jpg?dr=9640&refresh_token=69391f69&x-expires=1752120000&x-signature=FpIZaIWtGT5SoA4JeiXdeSaLyHA%3D&t=4d5b0474&ps=13740610&shp=30310797&shcp=ff37627b&idc=useast8,7.50523E+18,1747446783,2025-05-17T01:53:03.000Z,1,https://www.tiktok.com/@huaynamusic/video/7496581054027877687?q=peruanos&t=1752034492211,false,false,,0,https://www.tiktok.com/@huaynamusic/video/7496581054027877687?q=peruanos&t=1752034492211,prefiero escuchar a estas niñas que los reguetoneros de ahora estás niña cantan con corazón esa su cultura su nacionalidad su música y es lindo ver y escuchar esto,6.77768E+18,alejandrovera01,https://www.tiktok.com/@huaynamusic/video/7496581054027877687
https://p16-common-sign-va.tiktokcdn-us.com/musically-maliva-obj/1594805258216454~tplv-tiktokx-cropcenter:100:100.jpg?dr=9640&refresh_token=ce268acd&x-expires=1752120000&x-signature=2V6B3Mc2dGT0Z5by3qU3UUrUDxM%3D&t=4d5b0474&ps=13740610&shp=30310797&shcp=ff37627b&idc=useast8,7.50613E+18,1747657104,2025-05-19T12:18:24.000Z,1,https://www.tiktok.com/@huaynamusic/video/7496581054027877687?q=peruanos&t=1752034492211,false,false,,0,https://www.tiktok.com/@huaynamusic/video/7496581054027877687?q=peruanos&t=1752034492211,Alguien que pueda compartir el nombre de la canción? Yo si escuche la letra y entendí la vibre .,7.00504E+18,user766585268954,https://www.tiktok.com/@huaynamusic/video/7496581054027877687
https://p19-common-sign-va.tiktokcdn-us.com/tos-maliva-avt-0068/c39faf71027adbe6c75ee00a5556bed4~tplv-tiktokx-cropcenter:100:100.jpg?dr=9640&refresh_token=dc8efa89&x-expires=1752120000&x-signature=iyk0w%2BvJ19%2F3M2XYCxLALsHwXVo%3D&t=4d5b0474&ps=13740610&shp=30310797&shcp=ff37627b&idc=useast8,7.4986E+18,1745904128,2025-04-29T05:22:08.000Z,10,https://www.tiktok.com/@huaynamusic/video/7496581054027877687?q=peruanos&t=1752034492211,true,false,,0,https://www.tiktok.com/@huaynamusic/video/7496581054027877687?q=peruanos&t=1752034492211,las ardillitas de mi infancia ??,7.43457E+18,pkitas43,https://www.tiktok.com/@huaynamusic/video/7496581054027877687
https://p16-common-sign-va.tiktokcdn-us.com/tos-maliva-avt-0068/3b773e09bb661c0ce98c83eaeb833fe5~tplv-tiktokx-cropcenter:100:100.jpg?dr=9640&refresh_token=e9f4c895&x-expires=1752120000&x-signature=f4xnDyx8TWiFQLE3zO1rlfMj%2BMo%3D&t=4d5b0474&ps=13740610&shp=30310797&shcp=ff37627b&idc=useast8,7.49699E+18,1745528817,2025-04-24T21:06:57.000Z,28,https://www.tiktok.com/@huaynamusic/video/7496581054027877687?q=peruanos&t=1752034492211,false,false,,0,https://www.tiktok.com/@huaynamusic/video/7496581054027877687?q=peruanos&t=1752034492211,cual es el chiste o broma ??cada quien con su cultura si piensas que con ofender y burlarse son superior a uno.,6.80062E+18,jeanpierre25ncl,https://www.tiktok.com/@huaynamusic/video/7496581054027877687
https://p19-pu-sign-useast8.tiktokcdn-us.com/tos-useast8-avt-0068-tx2/04746ded417828b9cf2ed1329499bf5d~tplv-tiktokx-cropcenter:100:100.jpg?dr=9640&refresh_token=92962fb3&x-expires=1752120000&x-signature=MRT61nMPmC3wSVOmvFmG5TssI1U%3D&t=4d5b0474&ps=13740610&shp=30310797&shcp=ff37627b&idc=useast8,7.49712E+18,1745558949,2025-04-25T05:29:09.000Z,9,https://www.tiktok.com/@huaynamusic/video/7496581054027877687?q=peruanos&t=1752034492211,false,false,,0,https://www.tiktok.com/@huaynamusic/video/7496581054027877687?q=peruanos&t=1752034492211,Me acuerda aquel tema que decía una niña cerveza cerveza quiero tomar cervezaa,1.79158E+17,riverasthiven,https://www.tiktok.com/@huaynamusic/video/7496581054027877687
https://p19-pu-sign-useast8.tiktokcdn-us.com/tos-useast5-avt-0068-tx/2aa086a76d71c19d613407754c1763ca~tplv-tiktokx-cropcenter:100:100.jpg?dr=9640&refresh_token=163a2d09&x-expires=1752120000&x-signature=AEVPkfq8sx9jLaFtRM7eGccaDms%3D&t=4d5b0474&ps=13740610&shp=30310797&shcp=ff37627b&idc=useast8,7.49736E+18,1745615579,2025-04-25T21:12:59.000Z,8,https://www.tiktok.com/@huaynamusic/video/7496581054027877687?q=peruanos&t=1752034492211,false,false,,0,https://www.tiktok.com/@huaynamusic/video/7496581054027877687?q=peruanos&t=1752034492211,Ya entendí la letra ?? porque en Perú siempre le cantan a la cerveza?? ?? ??,7.11994E+18,_ikal._,https://www.tiktok.com/@huaynamusic/video/7496581054027877687
https://p16-common-sign-va.tiktokcdn-us.com/tos-maliva-avt-0068/06ca81cd5d7d4e01945a7082ff1fdf11~tplv-tiktokx-cropcenter:100:100.jpg?dr=9640&refresh_token=d29dfce9&x-expires=1752120000&x-signature=59I06zQP95qEjWSZnszAbdkUbYg%3D&t=4d5b0474&ps=13740610&shp=30310797&shcp=ff37627b&idc=useast8,7.49732E+18,1745605453,2025-04-25T18:24:13.000Z,62,https://www.tiktok.com/@huaynamusic/video/7496581054027877687?q=peruanos&t=1752034492211,true,false,,4,https://www.tiktok.com/@huaynamusic/video/7496581054027877687?q=peruanos&t=1752034492211,peru pais que le canta a la cerveza la nombran en todas kas canciones,7.34307E+18,arturo_venezuela,https://www.tiktok.com/@huaynamusic/video/7496581054027877687
https://p16-common-sign-va.tiktokcdn-us.com/tos-maliva-avt-0068/7073576515736174598~tplv-tiktokx-cropcenter:100:100.jpg?dr=9640&refresh_token=ba3b0e12&x-expires=1752120000&x-signature=a0VictQB2Ceq%2Bj3XEtr5w1DHvwg%3D&t=4d5b0474&ps=13740610&shp=30310797&shcp=ff37627b&idc=useast8,7.49841E+18,1745860088,2025-04-28T17:08:08.000Z,6,https://www.tiktok.com/@huaynamusic/video/7496581054027877687?q=peruanos&t=1752034492211,false,false,,0,https://www.tiktok.com/@huaynamusic/video/7496581054027877687?q=peruanos&t=1752034492211,los mosquitos queriendo picarme,7.07356E+18,renzorioslay,https://www.tiktok.com/@huaynamusic/video/7496581054027877687
https://p16-common-sign-va.tiktokcdn-us.com/tos-maliva-avt-0068/5d765d61d0dbd6e77bd3af4910be37c0~tplv-tiktokx-cropcenter:100:100.jpg?dr=9640&refresh_token=ff89878e&x-expires=1752120000&x-signature=LBs1ZZ7GZ9GPVIE%2BVlxmTy1khIQ%3D&t=4d5b0474&ps=13740610&shp=30310797&shcp=ff37627b&idc=useast8,7.4982E+18,1745809737,2025-04-28T03:08:57.000Z,38,https://www.tiktok.com/@huaynamusic/video/7496581054027877687?q=peruanos&t=1752034492211,false,false,,2,https://www.tiktok.com/@huaynamusic/video/7496581054027877687?q=peruanos&t=1752034492211,es ilegal cantar bien en peru,7.31361E+18,tony..kroos8,https://www.tiktok.com/@huaynamusic/video/7496581054027877687
https://p16-common-sign-va.tiktokcdn-us.com/tos-maliva-avt-0068/0afbc2eea745b1551cbadda72fd18459~tplv-tiktokx-cropcenter:100:100.jpg?dr=9640&refresh_token=352657d0&x-expires=1752120000&x-signature=iLakNqmuUJ2eTUkhrXFeuRgaY3U%3D&t=4d5b0474&ps=13740610&shp=30310797&shcp=ff37627b&idc=useast8,7.50072E+18,1746398341,2025-05-04T22:39:01.000Z,10,https://www.tiktok.com/@huaynamusic/video/7496581054027877687?q=peruanos&t=1752034492211,false,false,,0,https://www.tiktok.com/@huaynamusic/video/7496581054027877687?q=peruanos&t=1752034492211,"viva el hermano pueblo peruano y su hermosa cultura !!
saludos desde ????",7.42129E+18,caito424,https://www.tiktok.com/@huaynamusic/video/7496581054027877687
https://p16-common-sign-va.tiktokcdn-us.com/tos-maliva-avt-0068/4ccc8fae253614ae7690b62cfed872ad~tplv-tiktokx-cropcenter:100:100.jpg?dr=9640&refresh_token=3f0986b5&x-expires=1752120000&x-signature=%2F%2B%2BnsFQsFkPSJqGJl7miTOdQ0hc%3D&t=4d5b0474&ps=13740610&shp=30310797&shcp=ff37627b&idc=useast8,7.49737E+18,1745617881,2025-04-25T21:51:21.000Z,9,https://www.tiktok.com/@huaynamusic/video/7496581054027877687?q=peruanos&t=1752034492211,false,false,,0,https://www.tiktok.com/@huaynamusic/video/7496581054027877687?q=peruanos&t=1752034492211,pásenme pásenme todo la cerveza para olvidarme de esta canción ??????,7.40011E+18,bionic910,https://www.tiktok.com/@huaynamusic/video/7496581054027877687
https://p16-common-sign-va.tiktokcdn-us.com/tos-maliva-avt-0068/82f3c115b092d975d048519225a2c8bd~tplv-tiktokx-cropcenter:100:100.jpg?dr=9640&refresh_token=34764841&x-expires=1752120000&x-signature=FCmK78KWsfqT4V3YyuD35hYUSVs%3D&t=4d5b0474&ps=13740610&shp=30310797&shcp=ff37627b&idc=useast8,7.49776E+18,1745707317,2025-04-26T22:41:57.000Z,9,https://www.tiktok.com/@huaynamusic/video/7496581054027877687?q=peruanos&t=1752034492211,false,false,,0,https://www.tiktok.com/@huaynamusic/video/7496581054027877687?q=peruanos&t=1752034492211,"cada país es libre de cantar lo que desean ????
nosotros los peruanos bien identificados con lo nuestro ????",6.92149E+18,dagl11,https://www.tiktok.com/@huaynamusic/video/7496581054027877687
https://p16-common-sign-sg.tiktokcdn-us.com/tos-alisg-avt-0068/74c33833aca9428b47cf1d1ebf54b21e~tplv-tiktokx-cropcenter:100:100.jpg?dr=9640&refresh_token=d4f0a9b2&x-expires=1752120000&x-signature=TUXHWghPAS0yjDyGtis38se6raE%3D&t=4d5b0474&ps=13740610&shp=30310797&shcp=ff37627b&idc=useast8,7.50368E+18,1747087303,2025-05-12T22:01:43.000Z,7,https://www.tiktok.com/@huaynamusic/video/7496581054027877687?q=peruanos&t=1752034492211,false,false,,4,https://www.tiktok.com/@huaynamusic/video/7496581054027877687?q=peruanos&t=1752034492211,"adivina el país
1. Perú??
2.Cerru
3. ay mi gatito miau miau
4.rusia",7.37015E+18,fernanddoo23.0,https://www.tiktok.com/@huaynamusic/video/7496581054027877687
https://p16-common-sign-va.tiktokcdn-us.com/tos-maliva-avt-0068/b0178a6d61b77c4ee2a4ea97fc0703c8~tplv-tiktokx-cropcenter:100:100.jpg?dr=9640&refresh_token=78e3a400&x-expires=1752120000&x-signature=8gc8u7xCLSdp94hLi%2BB52nZ8C%2Fc%3D&t=4d5b0474&ps=13740610&shp=30310797&shcp=ff37627b&idc=useast8,7.49777E+18,1745710584,2025-04-26T23:36:24.000Z,6,https://www.tiktok.com/@huaynamusic/video/7496581054027877687?q=peruanos&t=1752034492211,false,false,,0,https://www.tiktok.com/@huaynamusic/video/7496581054027877687?q=peruanos&t=1752034492211,En Perú la Cerveza tiene más canciones que marcas,7.3641E+18,supercars.veracruz,https://www.tiktok.com/@huaynamusic/video/7496581054027877687
https://p16-common-sign-va.tiktokcdn-us.com/tos-maliva-avt-0068/4f81854182ca4b136f94e49e3bb38f3c~tplv-tiktokx-cropcenter:100:100.jpg?dr=9640&refresh_token=03c57e89&x-expires=1752120000&x-signature=OLsf%2FZKqsg5oT%2FVpGckF879mTcA%3D&t=4d5b0474&ps=13740610&shp=30310797&shcp=ff37627b&idc=useast8,7.50325E+18,1746987004,2025-05-11T18:10:04.000Z,26,https://www.tiktok.com/@huaynamusic/video/7496581054027877687?q=peruanos&t=1752034492211,false,false,,8,https://www.tiktok.com/@huaynamusic/video/7496581054027877687?q=peruanos&t=1752034492211,es ilegal la belleza en peru?,7.48994E+18,jhony.karma0,https://www.tiktok.com/@huaynamusic/video/7496581054027877687
https://p16-common-sign-va.tiktokcdn-us.com/tos-maliva-avt-0068/3dac6ad407c3ed0e6d4c45fc877cfa58~tplv-tiktokx-cropcenter:100:100.jpg?dr=9640&refresh_token=2b73bd81&x-expires=1752120000&x-signature=y1Z7%2FiCoh82MLQb4yuYwlL1KDY4%3D&t=4d5b0474&ps=13740610&shp=30310797&shcp=ff37627b&idc=useast8,7.49852E+18,1745886124,2025-04-29T00:22:04.000Z,13,https://www.tiktok.com/@huaynamusic/video/7496581054027877687?q=peruanos&t=1752034492211,false,false,,0,https://www.tiktok.com/@huaynamusic/video/7496581054027877687?q=peruanos&t=1752034492211,se entiende más que pilates de la 3.99,7.0899E+18,soy_un_pendejo_21,https://www.tiktok.com/@huaynamusic/video/7496581054027877687
https://p16-common-sign-va.tiktokcdn-us.com/tos-maliva-avt-0068/b34f5a1e850c76a2d2e0350a7c948c48~tplv-tiktokx-cropcenter:100:100.jpg?dr=9640&refresh_token=f8891e71&x-expires=1752120000&x-signature=EnQ5TO%2BTuniQ%2FNKqI%2BltWNqQyY8%3D&t=4d5b0474&ps=13740610&shp=30310797&shcp=ff37627b&idc=useast8,7.49887E+18,1745967819,2025-04-29T23:03:39.000Z,8,https://www.tiktok.com/@huaynamusic/video/7496581054027877687?q=peruanos&t=1752034492211,false,false,,0,https://www.tiktok.com/@huaynamusic/video/7496581054027877687?q=peruanos&t=1752034492211,Como desperuanizo mi Tik Tok ??,6.96674E+18,rrrrrrr.brrt2.0,https://www.tiktok.com/@huaynamusic/video/7496581054027877687
https://p16-common-sign-va.tiktokcdn-us.com/tos-maliva-avt-0068/786b5cddbab95c1a0e3c47611293fb24~tplv-tiktokx-cropcenter:100:100.jpg?dr=9640&refresh_token=26b8bfcc&x-expires=1752120000&x-signature=c8nkwmL4gSHK3QOV0n%2FfE%2BItq%2FE%3D&t=4d5b0474&ps=13740610&shp=30310797&shcp=ff37627b&idc=useast8,7.49852E+18,1745885549,2025-04-29T00:12:29.000Z,8,https://www.tiktok.com/@huaynamusic/video/7496581054027877687?q=peruanos&t=1752034492211,false,false,,0,https://www.tiktok.com/@huaynamusic/video/7496581054027877687?q=peruanos&t=1752034492211,me quitaron el tiktok premiun ????,7.42128E+18,naho__155,https://www.tiktok.com/@huaynamusic/video/7496581054027877687
https://p16-common-sign-useast2a.tiktokcdn-us.com/tos-useast2a-avt-0068-euttp/326429c891144bd1004e6c565e8d7622~tplv-tiktokx-cropcenter:100:100.jpg?dr=9640&refresh_token=d6f9d17e&x-expires=1752120000&x-signature=78E78%2Bp2uy2v9bBODRrELTCzj78%3D&t=4d5b0474&ps=13740610&shp=30310797&shcp=ff37627b&idc=useast8,7.49797E+18,1745756598,2025-04-27T12:23:18.000Z,8,https://www.tiktok.com/@huaynamusic/video/7496581054027877687?q=peruanos&t=1752034492211,false,false,,0,https://www.tiktok.com/@huaynamusic/video/7496581054027877687?q=peruanos&t=1752034492211,gracias por los subtítulos de verda,6.96655E+18,brujera94,https://www.tiktok.com/@huaynamusic/video/7496581054027877687
https://p16-common-sign-va.tiktokcdn-us.com/tos-maliva-avt-0068/8ab32f737b499e423c1507b7640ee9ef~tplv-tiktokx-cropcenter:100:100.jpg?dr=9640&refresh_token=7e81d811&x-expires=1752120000&x-signature=BN3IFFQLjuaB54HCD%2FP%2F1EuKOgA%3D&t=4d5b0474&ps=13740610&shp=30310797&shcp=ff37627b&idc=useast8,7.49846E+18,1745870373,2025-04-28T19:59:33.000Z,8,https://www.tiktok.com/@huaynamusic/video/7496581054027877687?q=peruanos&t=1752034492211,false,false,,0,https://www.tiktok.com/@huaynamusic/video/7496581054027877687?q=peruanos&t=1752034492211,"una pregunta?
porque se tapan la boca",7.43311E+18,alexivera2009,https://www.tiktok.com/@huaynamusic/video/7496581054027877687
https://p16-common-sign-va.tiktokcdn-us.com/tos-maliva-avt-0068/0f4c4abdf18786328bb3f6841ffd05d5~tplv-tiktokx-cropcenter:100:100.jpg?dr=9640&refresh_token=44b04403&x-expires=1752120000&x-signature=Rye9suVJlPdkMfm9M0k1%2B8yo4Zc%3D&t=4d5b0474&ps=13740610&shp=30310797&shcp=ff37627b&idc=useast8,7.49842E+18,1745861951,2025-04-28T17:39:11.000Z,6,https://www.tiktok.com/@huaynamusic/video/7496581054027877687?q=peruanos&t=1752034492211,false,false,,0,https://www.tiktok.com/@huaynamusic/video/7496581054027877687?q=peruanos&t=1752034492211,Si Dios no existe... ¿Quien me salvó de nacer en Perú?,7.21046E+18,praise.the.sunn,https://www.tiktok.com/@huaynamusic/video/7496581054027877687
https://p16-common-sign-useast2a.tiktokcdn-us.com/tos-useast2a-avt-0068-giso/d5327e66c62aed0e85148c603d9f3ced~tplv-tiktokx-cropcenter:100:100.jpg?dr=9640&refresh_token=65c3bc6f&x-expires=1752120000&x-signature=mfO3f8ZIbhfttBBDHArbLoi8moU%3D&t=4d5b0474&ps=13740610&shp=30310797&shcp=ff37627b&idc=useast8,7.49914E+18,1746029095,2025-04-30T16:04:55.000Z,69,https://www.tiktok.com/@huaynamusic/video/7496581054027877687?q=peruanos&t=1752034492211,true,false,,12,https://www.tiktok.com/@huaynamusic/video/7496581054027877687?q=peruanos&t=1752034492211,Si dios no existe? Quien me salvo de nacer en Peru?,7.04082E+18,raduolaru92,https://www.tiktok.com/@huaynamusic/video/7496581054027877687
https://p16-common-sign-va.tiktokcdn-us.com/musically-maliva-obj/1594805258216454~tplv-tiktokx-cropcenter:100:100.jpg?dr=9640&refresh_token=ce268acd&x-expires=1752120000&x-signature=2V6B3Mc2dGT0Z5by3qU3UUrUDxM%3D&t=4d5b0474&ps=13740610&shp=30310797&shcp=ff37627b&idc=useast8,7.49815E+18,1745799406,2025-04-28T00:16:46.000Z,7,https://www.tiktok.com/@huaynamusic/video/7496581054027877687?q=peruanos&t=1752034492211,false,false,,0,https://www.tiktok.com/@huaynamusic/video/7496581054027877687?q=peruanos&t=1752034492211,Porque se tapan la cara ???,6.91581E+18,elkakayaka,https://www.tiktok.com/@huaynamusic/video/7496581054027877687
https://p16-common-sign-sg.tiktokcdn-us.com/tos-alisg-avt-0068/ab1bf0a3cb6d7b7964caeb55169f276c~tplv-tiktokx-cropcenter:100:100.jpg?dr=9640&refresh_token=16a1c945&x-expires=1752120000&x-signature=nK%2FFijn3lU3yCnBCeB23YYBJy5Q%3D&t=4d5b0474&ps=13740610&shp=30310797&shcp=ff37627b&idc=useast8,7.49784E+18,1745727223,2025-04-27T04:13:43.000Z,7,https://www.tiktok.com/@huaynamusic/video/7496581054027877687?q=peruanos&t=1752034492211,false,false,,0,https://www.tiktok.com/@huaynamusic/video/7496581054027877687?q=peruanos&t=1752034492211,soy la única que no le entendía nada cuando lo escuché por primera vez???,7.45251E+18,ashley_azucena29,https://www.tiktok.com/@huaynamusic/video/7496581054027877687
https://p19-pu-sign-useast8.tiktokcdn-us.com/tos-useast8-avt-0068-tx2/fafcd8be7cea78dacfd8aac03dfdf4a1~tplv-tiktokx-cropcenter:100:100.jpg?dr=9640&refresh_token=894ef9a1&x-expires=1752120000&x-signature=81H5Fno3Yh%2B%2F%2FZWFaGUEqozNFVQ%3D&t=4d5b0474&ps=13740610&shp=30310797&shcp=ff37627b&idc=useast8,7.49778E+18,1745712258,2025-04-27T00:04:18.000Z,7,https://www.tiktok.com/@huaynamusic/video/7496581054027877687?q=peruanos&t=1752034492211,false,false,,0,https://www.tiktok.com/@huaynamusic/video/7496581054027877687?q=peruanos&t=1752034492211,Mis gatos ?? a las 3 am ?? ??????,6.80988E+18,sierra5058,https://www.tiktok.com/@huaynamusic/video/7496581054027877687
https://p16-pu-sign-useast8.tiktokcdn-us.com/tos-useast5-avt-0068-tx/26a42c3b179a1fe80c5defd2a917a589~tplv-tiktokx-cropcenter:100:100.jpg?dr=9640&refresh_token=2c8ff342&x-expires=1752120000&x-signature=2yK5hVXaMQkOq1VP9hJiTjgecsc%3D&t=4d5b0474&ps=13740610&shp=30310797&shcp=ff37627b&idc=useast8,7.49743E+18,1745632427,2025-04-26T01:53:47.000Z,7,https://www.tiktok.com/@huaynamusic/video/7496581054027877687?q=peruanos&t=1752034492211,false,false,,0,https://www.tiktok.com/@huaynamusic/video/7496581054027877687?q=peruanos&t=1752034492211,"Gracias por mostrar su bella cultura, lástima que los ignorantes aún no están listos para esta conversación. ????????????",6.80523E+18,francescolow26,https://www.tiktok.com/@huaynamusic/video/7496581054027877687
https://p16-pu-sign-useast8.tiktokcdn-us.com/tos-useast5-avt-0068-tx/6ca1b8fe405492aa659f24c472a52577~tplv-tiktokx-cropcenter:100:100.jpg?dr=9640&refresh_token=d7a10d40&x-expires=1752120000&x-signature=Kz%2BS09tjH6VipA%2FtHfqW0CvymNA%3D&t=4d5b0474&ps=13740610&shp=30310797&shcp=ff37627b&idc=useast8,7.49783E+18,1745724206,2025-04-27T03:23:26.000Z,92,https://www.tiktok.com/@huaynamusic/video/7496581054027877687?q=peruanos&t=1752034492211,false,false,,14,https://www.tiktok.com/@huaynamusic/video/7496581054027877687?q=peruanos&t=1752034492211,What in the Ecuador is this,6.97063E+18,marlonb54_,https://www.tiktok.com/@huaynamusic/video/7496581054027877687
https://p16-common-sign-va.tiktokcdn-us.com/tos-maliva-avt-0068/85316fcc26537ec97b154c013463c634~tplv-tiktokx-cropcenter:100:100.jpg?dr=9640&refresh_token=5fa49776&x-expires=1752120000&x-signature=qVSIn%2F0kG2gCjpWyJdGAnD37nTk%3D&t=4d5b0474&ps=13740610&shp=30310797&shcp=ff37627b&idc=useast8,7.49854E+18,1745890619,2025-04-29T01:36:59.000Z,6,https://www.tiktok.com/@huaynamusic/video/7496581054027877687?q=peruanos&t=1752034492211,false,false,,0,https://www.tiktok.com/@huaynamusic/video/7496581054027877687?q=peruanos&t=1752034492211,como le entiende yo solo escucho cerveza ??,7.47747E+18,nanyy46,https://www.tiktok.com/@huaynamusic/video/7496581054027877687
https://p16-common-sign-va.tiktokcdn-us.com/tos-maliva-avt-0068/7c31ac5ab023f13bf30a1de1892e7b30~tplv-tiktokx-cropcenter:100:100.jpg?dr=9640&refresh_token=da6bc8ee&x-expires=1752120000&x-signature=S8zipwlmiMfYfP4oRwczfZtS3nM%3D&t=4d5b0474&ps=13740610&shp=30310797&shcp=ff37627b&idc=useast5,7.50759E+18,1747997765,2025-05-23T10:56:05.000Z,1,https://www.tiktok.com/@huaynamusic/video/7496581054027877687?q=peruanos&t=1752034492211,true,false,,0,https://www.tiktok.com/@huaynamusic/video/7496581054027877687?q=peruanos&t=1752034492211,"??? ??????? ?????? ????? ??? ,??????? ???????? ??????? ?? ????? ???",7.46893E+18,im.b38,https://www.tiktok.com/@huaynamusic/video/7496581054027877687
https://p19-common-sign-va.tiktokcdn-us.com/tos-maliva-avt-0068/5eb3cea0c6b5e2a8564478de551848fc~tplv-tiktokx-cropcenter:100:100.jpg?dr=9640&refresh_token=8e7ef348&x-expires=1752120000&x-signature=9esV0ygnWS5GO%2FPmXlH6vWvgZzE%3D&t=4d5b0474&ps=13740610&shp=30310797&shcp=ff37627b&idc=useast5,7.51215E+18,1749058209,2025-06-04T17:30:09.000Z,1,https://www.tiktok.com/@huaynamusic/video/7496581054027877687?q=peruanos&t=1752034492211,false,false,,0,https://www.tiktok.com/@huaynamusic/video/7496581054027877687?q=peruanos&t=1752034492211,Yo de las entiendo ??,7.44937E+18,alisonpascal5,https://www.tiktok.com/@huaynamusic/video/7496581054027877687
https://p16-common-sign-va.tiktokcdn-us.com/tos-maliva-avt-0068/93cfeadece62aad83a259887f30561e5~tplv-tiktokx-cropcenter:100:100.jpg?dr=9640&refresh_token=c2693197&x-expires=1752120000&x-signature=IHpeYd2rymKMEhokHfQ6Kq9ubzE%3D&t=4d5b0474&ps=13740610&shp=30310797&shcp=ff37627b&idc=useast5,7.51006E+18,1748573150,2025-05-30T02:45:50.000Z,1,https://www.tiktok.com/@huaynamusic/video/7496581054027877687?q=peruanos&t=1752034492211,false,false,,0,https://www.tiktok.com/@huaynamusic/video/7496581054027877687?q=peruanos&t=1752034492211,hay mi cerru querido llenos de culturas y costumbres ya quisieran tener eso el resto de paises,6.95332E+18,acuario_tavo,https://www.tiktok.com/@huaynamusic/video/7496581054027877687
https://p16-common-sign-sg.tiktokcdn-us.com/tos-alisg-avt-0068/944e9ec1938d754b8b2963c8cb29dc47~tplv-tiktokx-cropcenter:100:100.jpg?dr=9640&refresh_token=61548149&x-expires=1752120000&x-signature=ZrsgcxksNZUM8RjWltHMdr2vdHg%3D&t=4d5b0474&ps=13740610&shp=30310797&shcp=ff37627b&idc=useast5,7.50968E+18,1748483880,2025-05-29T01:58:00.000Z,1,https://www.tiktok.com/@huaynamusic/video/7496581054027877687?q=peruanos&t=1752034492211,false,false,,0,https://www.tiktok.com/@huaynamusic/video/7496581054027877687?q=peruanos&t=1752034492211,creo q hay falta de empatía y respeto en la mayoría de los comentarios!,7.32246E+18,roselisperezsheli,https://www.tiktok.com/@huaynamusic/video/7496581054027877687
https://p16-common-sign-sg.tiktokcdn-us.com/tos-alisg-avt-0068/6a50baf07d06c4dc1129a87105e13c86~tplv-tiktokx-cropcenter:100:100.jpg?dr=9640&refresh_token=616af9af&x-expires=1752120000&x-signature=l7ERpxwIOSq%2B7PTszwTMqskiMHc%3D&t=4d5b0474&ps=13740610&shp=30310797&shcp=ff37627b&idc=useast5,7.50496E+18,1747383992,2025-05-16T08:26:32.000Z,1,https://www.tiktok.com/@huaynamusic/video/7496581054027877687?q=peruanos&t=1752034492211,false,false,,0,https://www.tiktok.com/@huaynamusic/video/7496581054027877687?q=peruanos&t=1752034492211,dia rela tekan suara dia kedalam??,7.48165E+18,addiloy7____,https://www.tiktok.com/@huaynamusic/video/7496581054027877687
https://p16-common-sign-va.tiktokcdn-us.com/tos-maliva-avt-0068/7329159266458304517~tplv-tiktokx-cropcenter:100:100.jpg?dr=9640&refresh_token=6c6eb1cd&x-expires=1752120000&x-signature=fklHsFeuaj0P4TIvmXxchEQZ5po%3D&t=4d5b0474&ps=13740610&shp=30310797&shcp=ff37627b&idc=useast5,7.50635E+18,1747707566,2025-05-20T02:19:26.000Z,1,https://www.tiktok.com/@huaynamusic/video/7496581054027877687?q=peruanos&t=1752034492211,false,false,,0,https://www.tiktok.com/@huaynamusic/video/7496581054027877687?q=peruanos&t=1752034492211,que lindas! ????????,6.81393E+18,compumusic1,https://www.tiktok.com/@huaynamusic/video/7496581054027877687
https://p16-common-sign-va.tiktokcdn-us.com/tos-maliva-avt-0068/8cc65881a30bccad9fa33fdde35d8240~tplv-tiktokx-cropcenter:100:100.jpg?dr=9640&refresh_token=65ba9f10&x-expires=1752120000&x-signature=KOOEbCmMMj4Y9VLaM3qOUwkWTwY%3D&t=4d5b0474&ps=13740610&shp=30310797&shcp=ff37627b&idc=useast5,7.50588E+18,1747620534,2025-05-19T02:08:54.000Z,1,https://www.tiktok.com/@huaynamusic/video/7496581054027877687?q=peruanos&t=1752034492211,false,false,,0,https://www.tiktok.com/@huaynamusic/video/7496581054027877687?q=peruanos&t=1752034492211,una peruanita para negocios,7.47433E+18,user4790036146247,https://www.tiktok.com/@huaynamusic/video/7496581054027877687
https://p16-common-sign-va.tiktokcdn-us.com/tos-maliva-avt-0068/f179d38538dcc745948c51ca91733abb~tplv-tiktokx-cropcenter:100:100.jpg?dr=9640&refresh_token=77b8d7b9&x-expires=1752120000&x-signature=xTVVOfnlBGMqprFdh3Pzj8GdF%2FQ%3D&t=4d5b0474&ps=13740610&shp=30310797&shcp=ff37627b&idc=useast5,7.51181E+18,1748979772,2025-06-03T19:42:52.000Z,1,https://www.tiktok.com/@huaynamusic/video/7496581054027877687?q=peruanos&t=1752034492211,false,false,,0,https://www.tiktok.com/@huaynamusic/video/7496581054027877687?q=peruanos&t=1752034492211,porque se tapan,6.65962E+18,nina8616can,https://www.tiktok.com/@huaynamusic/video/7496581054027877687
